atc,substance
A01AA01,SODIUM FLUORURE
A01AA02,SODIUM MONOFLUOROPHOSPHATE
A01AA51,SODIUM FLUORURE EN ASSOCIATION
A01AB03,CHLORHEXIDINE
A01AB09,MICONAZOLE
A01AB11,DIVERS STOMATO LOCAL (ANTIINFECTIEUX OU ANTISEPTIQUES)
A01AD11,DIVERS STOMATO LOCAL (SAUF ANTIINFECTIEUX OU ANTISEPTIQUES)
A02AB01,ALUMINIUM HYDROXYDE
A02AB03,ALUMINIUM PHOSPHATE
A02AD01,ASSOCIATIONS DE SELS
A02AX,ANTIACIDES : AUTRES ASSOCIATIONS
A02BA01,CIMETIDINE
A02BA02,RANITIDINE
A02BA03,FAMOTIDINE
A02BA04,NIZATIDINE
A02BB01,MISOPROSTOL
A02BC01,OMEPRAZOLE
A02BC02,PANTOPRAZOLE
A02BC03,LANSOPRAZOLE
A02BC04,RABEPRAZOLE
A02BC05,ESOMEPRAZOLE
A02BD08,"BISMUTH POTASSIQUE, TETRACYCLINE ET METRONIDAZOLE"
A02BX13,ALGINIQUE ACIDE EN ASSOCIATION AVEC ANTIACIDES
A03AA04,MEBEVERINE
A03AA05,TRIMEBUTINE
A03AX04,PINAVERIUM
A03AX12,PHLOROGLUCINOL
A03AX58,ALVERINE EN ASSOCIATION
A03BB01,BUTYLSCOPOLAMINE
A03ED,ANTISPASMODIQUES EN ASSOCIATION AVEC D'AUTRES MEDICAMENTS
A03FA01,METOCLOPRAMIDE
A03FA03,DOMPERIDONE
A03FA05,ALIZAPRIDE
A04AA01,ONDANSETRON
A04AA02,GRANISETRON
A04AA55,PALONOSETRON EN ASSOCIATION
A04AD01,SCOPOLAMINE
A04AD05,METOPIMAZINE
A04AD12,APREPITANT
A04AD14,ROLAPITANT
A05AA02,URSODESOXYCHOLIQUE ACIDE
A05BA,THERAPEUTIQUE HEPATIQUE
A05BA01,ARGININE GLUTAMATE
A06AA01,HUILE DE PARAFFINE
A06AA51,HUILE DE PARAFFINE EN ASSOCIATION
A06AB58,"PICOSULFATE DE SODIUM, ASSOCIATIONS"
A06AC01,ISPAGHUL (GRAINE DE PSYLLIUM)
A06AC03,STERCULIA
A06AD10,SELS MINERAUX EN ASSOCIATION
A06AD11,LACTULOSE
A06AD12,LACTITOL
A06AD15,MACROGOL
A06AD65,MACROGOL EN ASSOCIATION
A06AG20,ASSOCIATIONS
A06AH01,METHYLNALTREXONE BROMURE
A06AH03,HALOXEGOL
A06AX02,MEDICAMENTS PRODUISANT DE L'ANHYDRIDE CARBONIQUE
A07AA02,NYSTATINE
A07BC05,DIOSMECTITE
A07BC54,ATTAPULGITE EN ASSOCIATION
A07DA03,LOPERAMIDE
A07DA05,LOPERAMIDE OXYDE
A07EA02,HYDROCORTISONE
A07EA04,BETAMETHASONE
A07EA06,BUDESONIDE
A07EC,ACIDE AMINOSALICYLIQUE ET ANALOGUES
A07EC01,SULFASALAZINE
A07EC02,MESALAZINE
A07EC03,OLSALAZINE
A07XA04,RACECADOTRIL
A09AA02,"MULTIENZYMES (LIPASE, PROTEASE...)"
A10AB01,INSULINE HUMAINE
A10AB04,INSULINE LISPRO
A10AB05,INSULINE ASPART
A10AB06,INSULINE GLULISINE
A10AC01,INSULINE HUMAINE
A10AD01,INSULINE HUMAINE
A10AD04,INSULINE LISPRO
A10AD05,INSULINE ASPART
A10AE04,INSULINE GLARGINE
A10AE05,INSULINE DETEMIR
A10AE06,INSULINE DEGLUDEC
A10AE56,INSULINE DEGLUDEC ET LIRAGLUTIDE
A10BA02,METFORMINE
A10BB01,GLIBENCLAMIDE
A10BB07,GLIPIZIDE
A10BB09,GLICLAZIDE
A10BB12,GLIMEPIRIDE
A10BD07,METFORMINE ET SITAGLIPTINE
A10BD08,METFORMINE ET VILDAGLIPTINE
A10BD10,METFORMINE ET SAXAGLIPTINE
A10BD15,METFORMINE ET DAPAGLIFLOZINE
A10BF01,ACARBOSE
A10BH01,SITAGLIPTINE
A10BH02,VILDAGLIPTINE
A10BH03,SAXAGLIPTINE
A10BJ01,EXENATIDE
A10BJ02,LIRAGLUTIDE
A10BJ05,DULAGLUTIDE
A10BJ06,SEMAGLUTIDE
A10BK01,DAPAGLIFOZINE
A10BX02,REPAGLINIDE
A11CA01,RETINOL (VIT A)
A11CC01,ERGOCALCIFEROL
A11CC03,ALFACALCIDOL
A11CC04,CALCITRIOL
A11CC05,COLECALCIFEROL
A11CC06,CALCIFEDIOL
A11DA01,THIAMINE (VIT B1)
A11HA02,PYRIDOXINE (VIT B6)
A11HA03,TOCOPHEROL (VIT E)
A11HA05,BIOTINE
A12AA,CALCIUM
A12AA03,CALCIUM GLUCONATE
A12AA04,CALCIUM CARBONATE
A12AX,CALCIUM EN ASSOCIATION AVEC VITAMINE D ET/OU AUTRES MEDICAMENTS
A12BA01,POTASSIUM CHLORURE
A12BA03,POTASSIUM BITARTRATE
A12BA05,POTASSIUM GLUCONATE
A12BA51,POTASSIUM CHLORURE EN ASSOCIATION
A12CB,ZINC
A12CC08,MAGNESIUM PIDOLATE
A12CX,AUTRES ELEMENTS MINERAUX
A14AA09,NORETHANDROLONE
A16AA01,LEVOCARNITINE
A16AB13,ASFOTASE ALPHA
A16AX,DIVERS MEDICAMENTS DU TRACTUS ALIMENTAIRE ET DU METABOLISME
A16AX02,ANETHOLE TRITHIONE
A16AX08,TEDUGLUTIDE
A16AX12,TRIENTINE
A16AX14,MIGALASTAT
B01AA03,WARFARINE
B01AA07,ACENOCOUMAROL
B01AA12,FLUINDIONE
B01AB01,HEPARINE
B01AB04,DALTEPARINE
B01AB05,ENOXAPARINE
B01AB06,NADROPARINE
B01AB10,TINZAPARINE
B01AC04,CLOPIDOGREL
B01AC05,TICLOPIDINE
B01AC06,ACETYLSALICYLIQUE ACIDE
B01AC22,PRASUGREL
B01AC24,TICAGRELOR
B01AC30,ASSOCIATIONS
B01AE07,DABIGATRAN
B01AF01,RIVAROXABAN
B01AF02,APIXABAN
B01AX05,FONDAPARINUX
B02AA02,TRANEXAMIQUE ACIDE
B02BA01,PHYTOMENADIONE
B02BX04,ROMIPLOSTIME
B02BX05,ELTROMBOPAG
B03AA02,FUMARATE FERREUX
B03AA06,SUCCINATE FERREUX
B03AA07,SULFATE FERREUX
B03AA10,ASCORBATE FERREUX
B03AB03,EDETATE DE FER SODIQUE
B03AD03,SULFATE FERREUX
B03BA01,CYANOCOBALAMINE
B03BA03,HYDROXOCOBALAMINE
B03BB01,FOLIQUE ACIDE
B03XA01,ERYTHROPOIETINE
B03XA02,DARBEPOETINE ALFA
B03XA03,METHOXY POLYETHYLENE GLYCOL-EPOETINE BETA
B05BA03,HYDRATES DE CARBONE
B05BA10,ASSOCIATIONS
B05BB02,ELECTROLYTES AVEC HYDRATES DE CARBONE
B05X,ELECTROLYTES
B05XA02,SODIUM BICARBONATE
B05XA03,SODIUM CHLORURE
B05XA05,MAGNESIUM SULFATE
B05XC,VITAMINES
B05XX,AUTRES ADDITIFS POUR SOLUTION INTRAVEINEUSE
C01AA05,DIGOXINE
C01BA03,DISOPYRAMIDE
C01BA13,HYDROQUINIDINE
C01BC03,PROPAFENONE
C01BC04,FLECAINIDE
C01BD01,AMIODARONE
C01BG07,CIBENZOLINE
C01CA17,MIDODRINE
C01CA24,EPINEPHRINE
C01DA02,NITROGLYCERINE
C01DA08,ISOSORBIDE DINITRATE
C01DX12,MOLSIDOMINE
C01DX16,NICORANDIL
C01EB17,IVABRADINE
C02AB02,METHYLDOPA (RACEMIQUE)
C02AC01,CLONIDINE
C02AC05,MOXONIDINE
C02AC06,RILMENIDINE
C02CA01,PRAZOSINE
C02CA04,DOXAZOSINE
C02CA06,URAPIDIL
C02DC01,MINOXIDIL
C02LA01,RESERPINE ET DIURETIQUES
C03AA03,HYDROCHLOROTHIAZIDE
C03BA11,INDAPAMIDE
C03BX03,CICLETANINE
C03CA01,FUROSEMIDE
C03CA02,BUMETANIDE
C03CA03,PIRETANIDE
C03DA01,SPIRONOLACTONE
C03DA04,EPLERENONE
C03DB01,AMILORIDE
C03EA,"DIURETIQUES ""LOW CEILING"" ET EPARGNEURS POTASSIQUES"
C03EA01,HYDROCHLOROTHIAZIDE ET EPARGNEURS POTASSIQUES
C03EA04,ALTIZIDE ET EPARGNEURS POTASSIQUES
C03EB01,FUROSEMIDE ET EPARGNEURS POTASSIQUES
C03XA,VASOPRESSINE ANTAGONISTE
C03XA01,TOLVAPTAN
C04AX21,NAFTIDROFURYL
C05BA04,PENTOSANE POLYSULFATE SODIUM
C05BB04,SODIUM TETRADECYL SULFATE
C05CX,AUTRES MEDICAMENTS AGISSANT SUR LES CAPILLAIRES
C07AA03,PINDOLOL
C07AA05,PROPRANOLOL
C07AA06,TIMOLOL
C07AA07,SOTALOL
C07AA12,NADOLOL
C07AA16,TERTATOLOL
C07AB02,METOPROLOL
C07AB03,ATENOLOL
C07AB04,ACEBUTOLOL
C07AB05,BETAXOLOL
C07AB07,BISOPROLOL
C07AB08,CELIPROLOL
C07AB12,NEBIVOLOL
C07AG01,LABETALOL
C07AG02,CARVEDILOL
C07BB03,ATENOLOL ET THIAZIDIQUES
C07BB07,BISOPROLOL ET THIAZIDIQUES
C07BB12,NEBIVOLOL ET THIAZIDIQUES
C07DA06,"TIMOLOL, THIAZIDIQUES ET AUTRES DIURETIQUES"
C07FB02,METOPROLOL ET AUTRES ANTIHYPERTENSEURS
C07FB03,ATENOLOL ET AUTRES ANTIHYPERTENSEURS
C08CA01,AMLODIPINE
C08CA02,FELODIPINE
C08CA03,ISRADIPINE
C08CA04,NICARDIPINE
C08CA05,NIFEDIPINE
C08CA06,NIMODIPINE
C08CA08,NITRENDIPINE
C08CA11,MANIDIPINE
C08CA13,LERCANIDIPINE
C08DA01,VERAPAMIL
C08DB01,DILTIAZEM
C08GA02,AMLODIPINE ET DIURETIQUES
C09AA01,CAPTOPRIL
C09AA02,ENALAPRIL
C09AA03,LISINOPRIL
C09AA04,PERINDOPRIL
C09AA05,RAMIPRIL
C09AA06,QUINAPRIL
C09AA07,BENAZEPRIL
C09AA09,FOSINOPRIL
C09AA10,TRANDOLAPRIL
C09AA15,ZOFENOPRIL
C09BA01,CAPTOPRIL ET DIURETIQUES
C09BA02,ENALAPRIL ET DIURETIQUES
C09BA03,LISINOPRIL ET DIURETIQUES
C09BA04,PERINDOPRIL ET DIURETIQUES
C09BA05,RAMIPRIL ET DIURETIQUES
C09BA06,QUINAPRIL ET DIURETIQUES
C09BA07,BENAZEPRIL ET DIURETIQUES
C09BA09,FOSINOPRIL ET DIURETIQUES
C09BB02,ENALAPRIL ET LERCANIDIPINE
C09BB04,PERINDOPRIL ET AMLODIPINE
C09BB07,RAMIPRIL ET AMLODIPINE
C09BB10,TRANDOLAPRIL ET VERAPAMIL
C09BX02,PERINDOPRIL ET BISOPROLOL
C09CA01,LOSARTAN
C09CA02,EPROSARTAN
C09CA03,VALSARTAN
C09CA04,IRBESARTAN
C09CA06,CANDESARTAN
C09CA07,TELMISARTAN
C09DA01,LOSARTAN ET DIURETIQUES
C09DA03,VALSARTAN ET DIURETIQUES
C09DA04,IRBESARTAN ET DIURETIQUES
C09DA06,CANDESARTAN ET DIURETIQUES
C09DA07,TELMISARTAN ET DIURETIQUES
C09DB01,VALSARTAN ET AMLODIPINE
C09DB04,TELMISARTAN ET AMLODIPINE
C09DX04,VALSARTAN ET SACUBITRIL
C10AA01,SIMVASTATINE
C10AA03,PRAVASTATINE
C10AA04,FLUVASTATINE
C10AA05,ATORVASTATINE
C10AA07,ROSUVASTATINE
C10AB02,BEZAFIBRATE
C10AB04,GEMFIBROZIL
C10AB05,FENOFIBRATE
C10AB08,CIPROFIBRATE
C10AC01,COLESTYRAMINE
C10AX09,EZETIMIBE
C10AX13,EVOLOCUMAB
C10AX14,ALIROCUMAB
C10BA02,SIMVASTATINE ET EZETIMIBE
C10BA05,ATORVASTATINE ET EZETIMIBE
C10BA06,ROSUVASTATINE ET EZETIMIBE
C10BX03,ATORVASTATINE ET AMLODIPINE
D01AC02,MICONAZOLE
D01AC03,ECONAZOLE
D01AC05,ISOCONAZOLE
D01AC07,TIOCONAZOLE
D01AC08,KETOCONAZOLE
D01AC10,BIFONAZOLE
D01AC11,OXICONAZOLE
D01AC12,FENTICONAZOLE
D01AC13,OMOCONAZOLE
D01AC14,SERTACONAZOLE
D01AC60,BIFONAZOLE EN ASSOCIATION
D01AE14,CICLOPIROX
D01AE15,TERBINAFINE
D01AE16,AMOROLFINE
D01BA01,GRISEOFULVINE
D01BA02,TERBINAFINE
D02AB,MEDICAMENTS A BASE D'OXYDE DE ZINC
D02AC,PARAFFINE ET PRODUITS GRAS
D02AX,AUTRES EMOLLIENTS ET PROTECTEURS
D03AX,AUTRES CICATRISANTS
D05AD02,METHOXSALENE
D05AX02,CALCIPOTRIOL
D05AX03,CALCITRIOL
D05AX04,TACALCITOL
D05AX05,TAZAROTENE
D05AX52,CALCIPOTRIOL EN ASSOCIATION
D05BA02,METHOXSALENE
D05BB02,ACITRETINE
D06AX01,FUSIDIQUE ACIDE
D06AX09,MUPIROCINE
D06BA01,SULFADIAZINE ARGENTIQUE
D06BB03,ACICLOVIR
D06BB04,PODOPHYLLOTOXINE
D06BB10,IMIQUIMOD
D06BX01,METRONIDAZOLE
D06BX02,INGENOL MEBUTATE
D07AB02,HYDROCORTISONE BUTYRATE
D07AB08,DESONIDE
D07AC01,BETAMETHASONE
D07AC06,DIFLUCORTOLONE
D07AC16,HYDROCORTISONE ACEPONATE
D07AC17,FLUTICASONE
D07AC19,DIFLUPREDNATE
D07AD01,CLOBETASOL
D07CC01,BETAMETHASONE ET ANTIBIOTIQUES
D07XC01,BETAMETHASONE
D08AC02,CHLORHEXIDINE
D08AC04,HEXAMIDINE
D08AC52,CHLORHEXIDINE EN ASSOCIATION
D08AG02,POVIDONE IODEE
D08AX07,SODIUM HYPOCHLORITE
D10AD01,TRETINOINE
D10AD02,RETINOL (VIT A)
D10AD03,ADAPALENE
D10AE01,BENZOYLE PEROXYDE
D10AF02,ERYTHROMYCINE
D10AX,AUTRES PREPARATIONS ANTIACNEIQUES A USAGE TOPIQUE
D10BA01,ISOTRETINOINE
D10BX,AUTRES PREPARATIONS ANTIACNEIQUES A USAGE SYSTEMIQUE
D11AH01,TACROLIMUS
D11AH04,ALITRETINOINE
D11AH05,DUPILUMAB
G01AA51,NYSTATINE EN ASSOCIATION
G01AF01,METRONIDAZOLE
G01AF04,MICONAZOLE
G01AF05,ECONAZOLE
G01AF07,ISOCONAZOLE
G01AF08,TIOCONAZOLE
G01AF12,FENTICONAZOLE
G01AF19,SERTACONAZOLE
G02AB01,METHYLERGOMETRINE
G02BA03,DIU EN PLASTIQUE AVEC DES PROGESTATIFS
G02CA,SALBUTAMOL
G02CB01,BROMOCRIPTINE
G02CB02,LISURIDE
G02CB03,CABERGOLINE
G02CB04,QUINAGOLIDE
G03AA07,LEVONORGESTREL ET ESTROGENE
G03AB03,LEVONORGESTREL ET ESTROGENE
G03AC03,LEVONORGESTREL
G03AC06,MEDROXYPROGESTERONE
G03AC08,ETONOGESTREL
G03AC09,DESOGESTREL
G03AD01,LEVONORGESTREL
G03AD02,ULIPRISTAL
G03BA03,TESTOSTERONE
G03BB02,ANDROSTANOLONE
G03CA03,ESTRADIOL
G03CA04,ESTRIOL
G03CA09,PROMESTRIENE
G03DA03,HYDROXYPROGESTERONE
G03DA04,PROGESTERONE
G03DB01,DYDROGESTERONE
G03DB03,MEDROGESTONE
G03DB04,NOMEGESTROL
G03DB06,CHLORMADINONE
G03DB07,PROMEGESTONE
G03FA01,NORETHISTERONE ET ESTROGENE
G03FA04,PROGESTERONE ET ESTROGENE
G03FA11,LEVONORGESTREL ET ESTROGENE
G03FA12,MEDROXYPROGESTERONE ET ESTROGENE
G03FA14,DYDROGESTERONE ET ESTROGENE
G03FA15,DIENOGEST ET ESTROGENE
G03FB05,NORETHISTERONE ET ESTROGENE
G03FB06,MEDROXYPROGESTERONE ET ESTROGENE
G03FB08,DYDROGESTERONE ET ESTROGENE
G03FB09,LEVONORGESTREL ET ESTROGENE
G03GA02,GONADOTROPHINE MENOPAUSIQUE HUMAINE
G03GA04,UROFOLLITROPHINE
G03GA05,FOLLITROPINE ALFA
G03GA06,FOLLITROPINE BETA
G03GA07,LUTROPINE ALFA
G03GA08,CHORIOGONADOTROPINE ALFA
G03GA09,CORIFOLLITROPINE ALFA
G03GA10,FOLLITROPINE
G03GA30,ASSOCIATIONS
G03GB02,CLOMIFENE
G03HA01,CYPROTERONE
G03HB01,CYPROTERONE ET ESTROGENE
G03XA01,DANAZOL
G03XB02,ULIPRISTAL
G03XC01,RALOXIFENE
G04BD02,FLAVOXATE
G04BD04,OXYBUTYNINE
G04BD08,SOLIFENACINE
G04BD09,TROSPIUM
G04BD11,FESOTERODINE
G04BE01,ALPROSTADIL
G04CA01,ALFUZOSINE
G04CA02,TAMSULOSINE
G04CA03,TERAZOSINE
G04CA04,SILODOSINE
G04CA52,TAMSULOSINE ET DUTASTERIDE
G04CB01,FINASTERIDE
G04CB02,DUTASTERIDE
G04CX01,PYGEUM AFRICANUM
G04CX02,SERENOA REPENS
H01AA02,TETRACOSACTIDE
H01AC01,SOMATROPINE
H01AC03,MECASERMINE
H01AX01,PEGVISOMANT
H01BA02,DESMOPRESSINE
H01CA01,GONADORELINE
H01CA02,NAFARELINE
H01CB02,OCTREOTIDE
H01CB03,LANREOTIDE
H01CB05,PASIREOTIDE
H01CC01,GANIRELIX
H01CC02,CETRORELIX
H02AA02,FLUDROCORTISONE
H02AB01,BETAMETHASONE
H02AB02,DEXAMETHASONE
H02AB04,METHYLPREDNISOLONE
H02AB06,PREDNISOLONE
H02AB07,PREDNISONE
H02AB08,TRIAMCINOLONE
H02AB09,HYDROCORTISONE
H02AB17,CORTIVAZOL
H02CA03,KETOCONAZOLE
H03AA01,LEVOTHYROXINE SODIQUE
H03AA02,LIOTHYRONINE SODIQUE
H03AA03,ASSOCIATIONS DE LEVOTHYROXINE ET LIOTHYRONINE
H03BA02,PROPYLTHIOURACILE
H03BA03,BENZYLTHIOURACILE
H03BB01,CARBIMAZOLE
H03BB02,THIAMAZOLE
H04AA01,GLUCAGON
H05AA02,TERIPARATIDE
H05BA01,CALCITONINE (SYNTHETIQUE DE SAUMON)
H05BX01,CINACALCET
J01AA02,DOXYCYCLINE
J01AA07,TETRACYCLINE
J01AA08,MINOCYCLINE
J01CA04,AMOXICILLINE
J01CA08,PIVMECILLINAM
J01CE02,PHENOXYMETHYLPENICILLINE
J01CE08,BENZATHINE BENZYLPENICILLINE
J01CF02,CLOXACILLINE
J01CF04,OXACILLINE
J01CR01,AMPICILLINE ET INHIBITEUR D'ENZYME
J01CR02,AMOXICILLINE ET INHIBITEUR D'ENZYME
J01CR05,PIPERACILLINE ET INHIBITEUR D'ENZYME
J01DB01,CEFALEXINE
J01DB05,CEFADROXIL
J01DC02,CEFUROXIME
J01DC04,CEFACLOR
J01DC07,CEFOTIAM
J01DD02,CEFTAZIDIME
J01DD04,CEFTRIAXONE
J01DD08,CEFIXIME
J01DD13,CEFPODOXIME
J01DE01,CEFEPIME
J01DF01,AZTREONAM
J01DH02,MEROPENEM
J01DH51,IMIPENEM ET INHIBITEUR ENZYME (CILASTATINE SODIQUE)
J01EA01,TRIMETHOPRIME
J01EC02,SULFADIAZINE
J01EE01,SULFAMETHOXAZOLE ET TRIMETHOPRIME
J01FA01,ERYTHROMYCINE
J01FA02,SPIRAMYCINE
J01FA06,ROXITHROMYCINE
J01FA07,JOSAMYCINE
J01FA09,CLARITHROMYCINE
J01FA10,AZITHROMYCINE
J01FA15,TELITHROMYCINE
J01FF01,CLINDAMYCINE
J01FG01,PRISTINAMYCINE
J01GB01,TOBRAMYCINE
J01GB03,GENTAMICINE
J01GB06,AMIKACINE
J01MA01,OFLOXACINE
J01MA02,CIPROFLOXACINE
J01MA06,NORFLOXACINE
J01MA07,LOMEFLOXACINE
J01MA12,LEVOFLOXACINE
J01MA14,MOXIFLOXACINE
J01RA04,SPIRAMYCINE EN ASSOCIATION AVEC AUTRES ANTIBACTERIENS
J01XB01,COLISTINE
J01XC01,FUSIDIQUE ACIDE
J01XE01,NITROFURANTOINE
J01XX01,FOSFOMYCINE
J02AA01,AMPHOTERICINE B
J02AC01,FLUCONAZOLE
J02AC02,ITRACONAZOLE
J02AC03,VORICONAZOLE
J02AX01,FLUCYTOSINE
J04AB02,RIFAMPICINE
J04AB04,RIFABUTINE
J04AC01,ISONIAZIDE
J04AK01,PYRAZINAMIDE
J04AK02,ETHAMBUTOL
J04AM02,RIFAMPICINE ET ISONIAZIDE
J04BA02,DAPSONE
J05AB01,ACICLOVIR
J05AB09,FAMCICLOVIR
J05AB11,VALACICLOVIR
J05AB14,VALGANCICLOVIR
J05AE03,RITONAVIR
J05AE07,FOSAMPRENAVIR
J05AE08,ATAZANAVIR
J05AE09,TIPRANAVIR
J05AE10,DARUNAVIR
J05AF01,ZIDOVUDINE
J05AF05,LAMIVUDINE
J05AF06,ABACAVIR
J05AF07,TENOFOVIR DISOPROXIL
J05AF08,ADEFOVIR DIPIVOXIL
J05AF09,EMTRICITABINE
J05AF10,ENTECAVIR
J05AG01,NEVIRAPINE
J05AG03,EFAVIRENZ
J05AG04,ETRAVIRINE
J05AG05,RILPIVIRINE
J05AG06,DORAVIRINE
J05AH02,OSELTAMIVIR
J05AP01,RIBAVIRINE
J05AP08,SOFOSBUVIR
J05AP51,SOFOSBUVIR ET LEDIPASVIR
J05AP54,ELBASVIR ET GRAZOPREVIR
J05AP55,SOFOSBUVIR ET VELPATASVIR
J05AP56,"SOFOSBUVIR, VELPATASVIR ET VOXILAPREVIR"
J05AP57,GLECAPREVIR ET PIBRENTASVIR
J05AR01,ZIDOVUDINE ET LAMIVUDINE
J05AR02,LAMIVUDINE ET ABACAVIR
J05AR03,TENOFOVIR DISOPROXIL ET EMTRICITABINE
J05AR04,"ZIDOVUDINE, LAMIVUDINE ET ABACAVIR"
J05AR06,"EMTRICITABINE, TENOFOVIR DISOPROXIL ET EFAVIRENZ"
J05AR08,"EMTRICITABINE, TENOFOVIR DISOPROXIL ET RILPIVIRINE"
J05AR09,"EMTRICITABINE, TENOFOVIR DISOPROXIL, ELVITEGRAVIR ET COBICISTAT"
J05AR10,LOPINAVIR ET RITONAVIR
J05AR13,"LAMIVUDINE, ABACAVIR ET DOLUTEGRAVIR"
J05AR18,"EMTRICITABINE, TENOFOVIR ALAFENAMIDE, ELVITEGRAVIR ET COBICISTAT"
J05AR19,"EMTRICITABINE, TENOFOVIR ALAFENAMIDE ET RILPIVIRINE"
J05AR20,"EMTRICITABINE, TENOFOVIR ALAFENAMIDE ET BICTEGRAVIR"
J05AR21,DOLUTEGRAVIR ET RILPIVIRINE
J05AR24,"LAMIVUDINE, TENOFOVIR DISOPROXIL ET DORAVIRINE"
J05AR25,LAMIVUDINE ET DOLUTEGRAVIR
J05AX07,ENFUVIRTIDE
J05AX08,RALTEGRAVIR
J05AX09,MARAVIROC
J05AX12,DOLUTEGRAVIR
J05AX18,LETERMOVIR
J06BB01,IMMUNOGLOBULINE ANTI-D (rh)
J06BB02,IMMUNOGLOBULINE ANTITETANIQUE
J07AG01,"HAEMOPHILUS INFLUENZAE B, ANTIGENE PURIFIE CONJUGUE"
J07AH07,"MENINGOCOQUE C, ANTIGENES POLYSACCHARIDIQUES CONJUGUES"
J07AH08,"MENINGOCOQUES, ANTIGENES POLYSACCHARIDIQUES TRETRAVALENTS PURIFIES CONJUGUES"
J07AH09,"MENINGOCOQUE B, VACCIN MULTICOMPOSANTS"
J07AL01,"PNEUMOCOCCUS, ANTIGENE POLYSACCHARIDIQUE PURIFIE"
J07AL02,"PNEUMOCOCCUS, ANTIGENE POLYSACCHARIDIQUE PURIFIE CONJUGUE"
J07AN01,"TUBERCULOSE, BACTERIE VIVANTE ATTENUEE"
J07BB01,"GRIPPE, VIRUS ENTIER INACTIVE"
J07BB02,"GRIPPE, VIRUS FRACTIONNE INACTIVE OU ANTIGENE PURIFIE"
J07BB03,GRIPPE VIRUS VIVANT ATTENUE
J07BC01,"HEPATITE B, ANTIGENE PURIFIE"
J07BC02,"HEPATITE A, VIRUS ENTIER INACTIVE"
J07BD52,"ROUGEOLE EN ASSOCIATION AVEC OREILLONS ET RUBEOLE, VIRUS VIVANTS ATTENUES"
J07BF03,"POLIOMYELITE, VIRUS ENTIER TRIVALENT INACTIVE"
J07BK01,"VARICELLE, VIRUS VIVANT ATTENUE"
J07BK02,"VIRUS VARICELLE-ZONA VIVANT, ATTENUE"
J07BM01,"PAPILLOMAVIRUS (TYPES HUMAINS 6, 11, 16, 18)"
J07BM02,"PAPILLOMAVIRUS (TYPES HUMAINS 16, 18)"
J07BM03,"PAPILLOMAVIRUS (TYPES HUMAINS 6, 11, 16, 18, 31, 33, 45, 52, 58)"
J07CA01,DIPHTERIE-POLYOMIELITE-TETANOS
J07CA02,DIPHTERIE-COQUELUCHE-POLIOMYELITE-TETANOS
J07CA06,DIPHTERIE-HAEMOPHILUS INFLUENZAE B-COQUELUCHE-POLIOMYELITE-TETANOS
J07CA09,DIPHTERIE-HAEMOPHILUS INFLUENZAE B-COQUELUCHE-POLIOMYELITE-TETANOS-HEPATITE B
L01AA01,CYCLOPHOSPHAMIDE
L01AA02,CHLORAMBUCIL
L01AA03,MELPHALAN
L01AB01,BUSULFAN
L01AX02,PIPOBROMAN
L01BA01,METHOTREXATE
L01BB02,MERCAPTOPURINE
L01BB04,CLADRIBINE
L01BB05,FLUDARABINE
L01BC01,CYTARABINE
L01BC02,FLUOROURACILE
L01BC06,CAPECITABINE
L01BC59,TRIFLURIDINE EN ASSOCIATION
L01CA04,VINORELBINE
L01CB01,ETOPOSIDE
L01DB06,IDARUBICINE
L01XB01,PROCARBAZINE
L01XD03,METHYLE AMINOLEVULINATE
L01XE01,IMATINIB
L01XE02,GEFITINIB
L01XE03,ERLOTINIB
L01XE04,SUNITINIB
L01XE05,SORAFENIB
L01XE06,DASATINIB
L01XE07,LAPATINIB
L01XE08,NILOTINIB
L01XE10,EVEROLIMUS
L01XE11,PAZOPANIB
L01XE12,VANDETANIB
L01XE13,AFATINIB
L01XE14,BOSUTINIB
L01XE15,VEMURAFENIB
L01XE16,CRIZOTINIB
L01XE17,AXITINIB
L01XE18,RUXOLITINIB
L01XE21,REGORAFENIB
L01XE23,DABRAFENIB
L01XE24,PONATINIB
L01XE25,TRAMETINIB
L01XE26,CABOZANTINIB
L01XE27,IBRUTINIB
L01XE28,CERITINIB
L01XE29,LENVATINIB
L01XE31,NINTEDANIB
L01XE33,PALBOCICLIB
L01XE35,OSIMERTINIB
L01XE36,ALECTINIB
L01XE38,COBIMETINIB
L01XE39,MIDOSTAURINE
L01XE41,BINIMECTINIB
L01XE42,RIBOCICLIB
L01XE43,BRIGATINIB
L01XE44,LORLATINIB
L01XE46,ENCORAFENIB
L01XE50,ABEMACICLIB
L01XX,AUTRES ANTINEOPLASIQUES
L01XX05,HYDROXYCARBAMIDE
L01XX11,ESTRAMUSTINE
L01XX17,TOPOTECAN
L01XX25,BEXAROTENE
L01XX35,ANAGRELIDE
L01XX43,VISMODEGIB
L01XX46,OLAPARIB
L01XX47,IDELALISIB
L01XX48,SONIDEGIB
L01XX50,IXAZOMIB
L01XX52,VENETOCLAX
L01XX55,RUCAPARIB
L02AB01,MEGESTROL
L02AB02,MEDROXYPROGESTERONE
L02AE02,LEUPRORELINE
L02AE03,GOSERELINE
L02AE04,TRIPTORELINE
L02BA01,TAMOXIFENE
L02BA02,TOREMIFENE
L02BA03,FULVESTRANT
L02BB02,NILUTAMIDE
L02BB03,BICALUTAMIDE
L02BB04,ENZALUTAMIDE
L02BB05,APALUTAMIDE
L02BG03,ANASTROZOLE
L02BG04,LETROZOLE
L02BG06,EXEMESTANE
L02BX02,DEGARELIX
L02BX03,ABIRATERONE
L03AA02,FILGRASTIM
L03AA10,LENOGRASTIM
L03AA13,PEGFILGRASTIM
L03AA14,LIPEGFILGRASTIM
L03AB04,INTERFERON ALFA-2A
L03AB05,INTERFERON ALFA-2B
L03AB07,INTERFERON BETA-1A
L03AB08,INTERFERON BETA-1B
L03AB11,PEGINTERFERON ALFA-2A
L03AB13,PEGINTERFERON BETA-1A
L03AX13,GLATIRAMERE ACETATE
L04AA06,MYCOPHENOLIQUE ACIDE
L04AA10,SIROLIMUS
L04AA13,LEFLUNOMIDE
L04AA18,EVEROLIMUS
L04AA24,ABATACEPT
L04AA26,BELIMUMAB
L04AA27,FINGOLIMOD
L04AA29,TOFACITINIB
L04AA31,TERIFLUNOMIDE
L04AA32,APREMILAST
L04AA37,BARICITINIB
L04AA44,UPADACITINIB
L04AB01,ETANERCEPT
L04AB04,ADALIMUMAB
L04AB05,CERTOLIZUMAB PEGOL
L04AB06,GOLIMUMAB
L04AC03,ANAKINRA
L04AC05,USTEKINUMAB
L04AC07,TOCILIZUMAB
L04AC08,CANAKINUMAB
L04AC10,SECUKINUMAB
L04AC12,BRODALUMAB
L04AC13,IXEKIZUMAB
L04AC14,SARILUMAB
L04AC16,GUSELKUMAB
L04AC17,TILDRAKIZUMAB
L04AC18,RISANKIZUMAB
L04AD01,CICLOSPORINE
L04AD02,TACROLIMUS
L04AX01,AZATHIOPRINE
L04AX03,METHOTREXATE
L04AX05,PIRFENIDONE
L04AX07,DIMETHYL FUMARATE
M01AB01,INDOMETACINE
M01AB02,SULINDAC
M01AB05,DICLOFENAC
M01AB08,ETODOLAC
M01AB16,ACECLOFENAC
M01AB55,DICLOFENAC EN ASSOCIATION
M01AC01,PIROXICAM
M01AC02,TENOXICAM
M01AC06,MELOXICAM
M01AE01,IBUPROFENE
M01AE02,NAPROXENE
M01AE03,KETOPROFENE
M01AE04,FENOPROFENE
M01AE09,FLURBIPROFENE
M01AE11,TIAPROFENIQUE ACIDE
M01AE16,ALMINOPROFENE
M01AG01,MEFENAMIQUE ACIDE
M01AH01,CELECOXIB
M01AH05,ETORICOXIB
M01AX01,NABUMETONE
M01AX02,NIFLUMIQUE ACIDE
M01AX22,MORNIFLUMATE
M01CC01,PENICILLAMINE
M02AA07,PIROXICAM
M02AA13,IBUPROFENE
M02AA15,DICLOFENAC
M02AA17,NIFLUMIQUE ACIDE
M02AX10,DIVERS
M03BX01,BACLOFENE
M03BX05,THIOCOLCHICOSIDE
M03CA01,DANTROLENE
M04AA01,ALLOPURINOL
M04AA03,FEBUXOSTAT
M04AB01,PROBENECIDE
M04AC01,COLCHICINE
M05BA02,CLODRONIQUE ACIDE
M05BA04,ALENDRONIQUE ACIDE
M05BA07,RISEDRONIQUE ACIDE
M05BA08,ZOLEDRONIQUE ACIDE
M05BB03,ALENDRONIQUE ACIDE ET COLECALCIFEROL
M05BB04,"RISEDRONIQUE ACIDE, CALCIUM ET COLECALCIFEROL, EN SEQUENTIEL"
M05BX04,DENOSUMAB
M05BX05,BUROSUMAB
M09AA72,QUININE EN ASSOCIATION AVEC DES PSYCHOLEPTIQUES
M09AX,AUTRES MEDICAMENTS DES DESORDRES MUSCULO-SQUELETTIQUES
N01BA02,PROCAINE
N01BB02,LIDOCAINE
N01BB52,LIDOCAINE EN ASSOCIATION
N02AA01,MORPHINE
N02AA03,HYDROMORPHONE
N02AA05,OXYCODONE
N02AA08,DIHYDROCODEINE
N02AA55,OXYCODONE ET NALOXONE
N02AB03,FENTANYL
N02AC,DERIVES DE LA DIPHENYLPROPYLAMINE
N02AE01,BUPRENORPHINE
N02AJ06,CODEINE ET PARACETAMOL
N02AJ08,CODEINE ET IBUPROFENE
N02AJ13,TRAMADOL ET PARACETAMOL
N02AX02,TRAMADOL
N02BA01,ACETYLSALICYLIQUE ACIDE
N02BA71,ACETYLSALICYLIQUE ACIDE EN ASSOCIATION AVEC DES PSYCHOLEPTIQUES
N02BE01,PARACETAMOL
N02BE51,PARACETAMOL EN ASSOCIATION SAUF AUX PSYCHOLEPTIQUES
N02BE71,PARACETAMOL EN ASSOCIATION AVEC DES PSYCHOLEPTIQUES
N02BG06,NEFOPAM
N02CA01,DIHYDROERGOTAMINE
N02CA52,ERGOTAMINE EN ASSOCIATION SAUF AUX PSYCHOLEPTIQUES
N02CC01,SUMATRIPTAN
N02CC02,NARATRIPTAN
N02CC03,ZOLMITRIPTAN
N02CC04,RIZATRIPTAN
N02CC05,ALMOTRIPTAN
N02CC06,ELETRIPTAN
N02CC07,FROVATRIPTAN
N02CX01,PIZOTIFENE
N02CX06,OXETORONE
N03AA02,PHENOBARBITAL
N03AA03,PRIMIDONE
N03AB02,PHENYTOINE
N03AD01,ETHOSUXIMIDE
N03AE01,CLONAZEPAM
N03AF01,CARBAMAZEPINE
N03AF02,OXCARBAZEPINE
N03AF03,RUFINAMIDE
N03AF04,ESLICARBAZEPINE
N03AG01,VALPROIQUE ACIDE
N03AG02,VALPROMIDE
N03AG04,VIGABATRIN
N03AG06,TIAGABINE
N03AX09,LAMOTRIGINE
N03AX11,TOPIRAMATE
N03AX12,GABAPENTINE
N03AX14,LEVETIRACETAM
N03AX15,ZONISAMIDE
N03AX16,PREGABALINE
N03AX17,STIRIPENTOL
N03AX18,LACOSAMIDE
N03AX22,PERAMPANEL
N03AX23,BRIVARACETAM
N04AA01,TRIHEXYPHENIDYL
N04AA02,BIPERIDENE
N04AA12,TROPATEPINE
N04BA02,LEVODOPA ET INHIBITEUR DE LA DECARBOXYLASE
N04BA03,"LEVODOPA, INHIBITEUR DE LA DECARBOXYLASE ET INHIBITEUR DE LA COMT"
N04BB01,AMANTADINE
N04BC01,BROMOCRIPTINE
N04BC04,ROPINIROLE
N04BC05,PRAMIPEXOLE
N04BC07,APOMORPHINE
N04BC08,PIRIBEDIL
N04BC09,ROTIGOTINE
N04BD01,SELEGILINE
N04BD02,RASAGILINE
N04BX01,TOLCAPONE
N04BX02,ENTACAPONE
N05AA01,CHLORPROMAZINE
N05AA02,LEVOMEPROMAZINE
N05AA06,CYAMEMAZINE
N05AB02,FLUPHENAZINE
N05AC01,PERICIAZINE
N05AC04,PIPOTIAZINE
N05AD01,HALOPERIDOL
N05AD05,PIPAMPERONE
N05AF01,FLUPENTIXOL
N05AF05,ZUCLOPENTHIXOL
N05AG02,PIMOZIDE
N05AH01,LOXAPINE
N05AH02,CLOZAPINE
N05AH03,OLANZAPINE
N05AH04,QUETIAPINE
N05AL01,SULPIRIDE
N05AL03,TIAPRIDE
N05AL05,AMISULPRIDE
N05AN01,LITHIUM
N05AX08,RISPERIDONE
N05AX12,ARIPIPRAZOLE
N05AX13,PALIPERIDONE
N05BA01,DIAZEPAM
N05BA04,OXAZEPAM
N05BA05,CLORAZEPATE POTASSIQUE
N05BA06,LORAZEPAM
N05BA08,BROMAZEPAM
N05BA09,CLOBAZAM
N05BA11,PRAZEPAM
N05BA12,ALPRAZOLAM
N05BA16,NORDAZEPAM
N05BA18,ETHYLE LOFLAZEPATE
N05BA21,CLOTIAZEPAM
N05BB01,HYDROXYZINE
N05BE01,BUSPIRONE
N05BX03,ETIFOXINE
N05CD04,ESTAZOLAM
N05CD06,LORMETAZEPAM
N05CD08,MIDAZOLAM
N05CD11,LOPRAZOLAM
N05CF01,ZOPICLONE
N05CF02,ZOLPIDEM
N05CH01,MELATONINE
N06AA02,IMIPRAMINE
N06AA04,CLOMIPRAMINE
N06AA06,TRIMIPRAMINE
N06AA09,AMITRIPTYLINE
N06AA12,DOXEPINE
N06AA16,DOSULEPINE
N06AA17,AMOXAPINE
N06AA21,MAPROTILINE
N06AB03,FLUOXETINE
N06AB04,CITALOPRAM
N06AB05,PAROXETINE
N06AB06,SERTRALINE
N06AB08,FLUVOXAMINE
N06AB10,ESCITALOPRAM
N06AG02,MOCLOBEMIDE
N06AX01,OXITRIPTAN
N06AX03,MIANSERINE
N06AX11,MIRTAZAPINE
N06AX14,TIANEPTINE
N06AX16,VENLAFAXINE
N06AX17,MILNACIPRAN
N06AX21,DULOXETINE
N06AX22,AGOMELATINE
N06AX26,VORTIOXETINE
N06BA04,METHYLPHENIDATE
N06BA07,MODAFINIL
N06BC01,CAFEINE
N06BX03,PIRACETAM
N07AA01,NEOSTIGMINE
N07AA02,PYRIDOSTIGMINE
N07AA30,AMBENONIUM
N07BA01,NICOTINE
N07BA03,VARENICLINE
N07BB,MEDICAMENTS UTILISES DANS LA DEPENDANCE ALCOOLIQUE
N07BB01,DISULFIRAM
N07BB03,ACAMPROSATE
N07BB04,NALTREXONE
N07BB05,NALMEFENE
N07BC01,BUPRENORPHINE
N07BC02,METHADONE
N07BC51,BUPRENORPHINE EN ASSOCIATION
N07CA01,BETAHISTINE
N07CA03,FLUNARIZINE
N07CA04,ACETYLLEUCINE
N07XX02,RILUZOLE
N07XX05,AMIFAMPRIDINE
N07XX06,TETRABENAZINE
N07XX07,FAMPRIDINE
N07XX08,TAFAMIDIS
N07XX11,PITOLISANT
N07XX12,PATISIRAN
P01AA05,TILBROQUINOL
P01AB01,METRONIDAZOLE
P01AB02,TINIDAZOLE
P01AB07,SECNIDAZOLE
P01AX06,ATOVAQUONE
P01BA01,CHLOROQUINE
P01BB51,PROGUANIL EN ASSOCIATION
P01BC02,MEFLOQUINE
P01BD01,PYRIMETHAMINE
P01BF01,ARTEMETHER ET LUMEFANTRINE
P01BF05,ARTENIMOL ET PIPERAQUINE
P01CB01,ANTIMONIATE DE MEGLUMINE
P01CX01,PENTAMIDINE ISETHIONATE
P02BA01,PRAZIQUANTEL
P02CA03,ALBENDAZOLE
P02CA05,FLUBENDAZOLE
P02CC01,PYRANTEL
P02CF01,IVERMECTINE
P02DA01,NICLOSAMIDE
P03AC04,PERMETHRINE
P03AC51,PYRETHRUM EN ASSOCIATION
P03AX01,BENZOATE DE BENZYLE
R01AA05,OXYMETAZOLINE
R01AC01,CROMOGLICIQUE ACIDE
R01AC03,AZELASTINE
R01AD01,BECLOMETASONE
R01AD05,BUDESONIDE
R01AD07,TIXOCORTOL
R01AD09,MOMETASONE
R01AD11,TRIAMCINOLONE
R01AD12,FLUTICASONE FUROATE
R01AD58,"DECONGESTIONNANTS ET AUTRES PREPARATIONS NASALES, CORTICOSTEROIDES EN ASSOCIATION"
R01AX03,IPRATROPIUM BROMURE
R01AX06,MUPIROCINE
R03AC02,SALBUTAMOL
R03AC03,TERBUTALINE
R03AC12,SALMETEROL
R03AC13,FORMOTEROL
R03AC18,INDACATEROL
R03AC19,OLODATEROL
R03AK06,SALMETEROL ET FLUTICASONE
R03AK07,FORMOTEROL ET BUDESONIDE
R03AK08,FORMOTEROL ET BECLOMETASONE
R03AK10,VILANTEROL ET FLUTICASONE FUROATE
R03AK11,FORMOTEROL ET FLUTICASONE
R03AL01,FENOTEROL ET BROMURE D'IPRATROPIUM
R03AL03,"VILANTEROL, UMECLIDINIUM BROMURE"
R03AL04,INDACATEROL ET BROMURE DE GLYCOPYRRONIUM
R03AL08,"VILANTEROL, UMECLIDINIUM ET FLUTICASONE"
R03AL09,"FORMOTEROL, GLYCOPYRRONIUM BROMURE ET BECLOMETASONE"
R03BA01,BECLOMETASONE
R03BA02,BUDESONIDE
R03BA05,FLUTICASONE
R03BA07,MOMETASONE
R03BA08,CICLESONIDE
R03BB01,IPRATROPIUM BROMURE
R03BB04,TIOTROPIUM BROMURE
R03BB06,GLYCOPYRRONIUM BROMURE
R03BB07,UMECLIDINIUM BROMURE
R03BB54,TIOTROPIUM BROMURE EN ASSOCIATION
R03CC02,SALBUTAMOL
R03CC03,TERBUTALINE
R03CC12,BAMBUTEROL
R03DA04,THEOPHYLLINE
R03DC03,MONTELUKAST
R03DX05,OMALIZUMAB
R03DX09,MEPOLIZUMAB
R03DX10,BENRALIZUMAB
R05CB,MUCOLYTIQUES
R05CB01,ACETYLCYSTEINE
R05CB13,DORNASE ALFA
R05DA04,CODEINE
R05DA08,PHOLCODINE
R05DA09,DEXTROMETHORPHANE
R05DA20,ASSOCIATIONS ANTITUSSIVES
R05DB09,OXELADINE
R06AB01,BROMPHENIRAMINE
R06AD01,ALIMEMAZINE
R06AD07,MEQUITAZINE
R06AD08,OXOMEMAZINE
R06AE05,MECLOZINE
R06AE07,CETIRIZINE
R06AE09,LEVOCETIRIZINE
R06AX13,LORATADINE
R06AX17,KETOTIFENE
R06AX22,EBASTINE
R06AX25,MIZOLASTINE
R06AX26,FEXOFENADINE
R06AX27,DESLORATADINE
R06AX28,RUPATADINE
R06AX29,BILASTINE
R07AX02,IVACAFTOR
R07AX30,IVACAFTOR ET LUMACAFTOR
S01AA12,TOBRAMYCINE
S01AA13,FUSIDIQUE ACIDE
S01AA16,RIFAMYCINE
S01AA26,AZITHROMYCINE
S01AA30,ASSOCIATIONS DE DIFFERENTS ANTIBIOTIQUES EN OPHTALMOLOGIE
S01AD02,TRIFLURIDINE
S01AD03,ACICLOVIR
S01AD09,GANCICLOVIR
S01AE01,OFLOXACINE
S01AE02,NORFLOXACINE
S01AE03,CIPROFLOXACINE
S01AX,AUTRES ANTIINFECTIEUX
S01AX07,SODIUM BORATE
S01AX16,PICLOXYDINE
S01BA01,DEXAMETHASONE
S01BA07,FLUOROMETHOLONE
S01BA15,FLUOCINOLONE
S01BC01,INDOMETACINE
S01BC03,DICLOFENAC
S01BC04,FLURBIPROFENE
S01BC05,KETOROLAC
S01BC11,BROMFENAC SODIUM SESQUIHYDRATE
S01CA01,DEXAMETHASONE ET ANTIINFECTIEUX
S01CC02,INDOMETACINE ET ANTI-INFECTIEUX
S01EA03,APRACLONIDINE
S01EA05,BRIMONIDINE
S01EB01,PILOCARPINE
S01EC01,ACETAZOLAMIDE
S01EC03,DORZOLAMIDE
S01EC04,BRINZOLAMIDE
S01EC54,BRINZOLAMIDE EN ASSOCIATION
S01ED01,TIMOLOL
S01ED02,BETAXOLOL
S01ED03,LEVOBUNOLOL
S01ED05,CARTEOLOL
S01ED51,TIMOLOL EN ASSOCIATION
S01EE01,LATANOPROST
S01EE03,BIMATOPROST
S01EE04,TRAVOPROST
S01FA01,ATROPINE
S01FA06,TROPICAMIDE
S01FB01,PHENYLEPHRINE
S01GX01,CROMOGLICIQUE ACIDE
S01GX02,LEVOCABASTINE
S01GX03,SPAGLUMIQUE ACIDE
S01GX04,NEDOCROMIL
S01GX07,AZELASTINE
S01GX08,KETOTIFENE
S01GX09,OLOPATADINE
S01GX10,EPINASTINE
S01KA02,HYPROMELLOSE
S01LA01,VERTEPORFIN
S01LA04,RANIBIZUMAB
S01LA05,AFLIBERCEPT
S01XA02,RETINOL
S01XA08,ACETYLCYSTEINE
S01XA18,CICLOSPORINE
S01XA20,LARMES ARTIFICIELLES ET DIVERSES AUTRES PREPARATIONS
S01XA21,MERCAPTAMINE
S02AA12,RIFAMYCINE
S02AA15,CIPROFLOXACINE
S02AA16,OFLOXACINE
S02CA05,FLUOCINOLONE ET ANTIINFECTIEUX
S02CA06,DEXAMETHASONE ET ANTIINFECTIEUX
S02CA07,FLUDROCORTISONE ET ANTIINFECTIEUX
S02DA30,ASSOCIATIONS (ANALGESIQUES ET ANESTHESIQUES)
V01AA02,POLLEN D'HERBE
V01AA03,POUSSIERES DE MAISON ET ACARIENS
V01AA07,INSECTES
V03AB,ANTIDOTES = DMSA (SUCCIMER)
V03AB15,NALOXONE
V03AC01,DEFEROXAMINE
V03AC03,DEFERASIROX
V03AE01,SULFONATE DE POLYSTYRENE
V03AE02,SEVELAMER
V03AE03,LANTHANUM CARBONATE
V03AE05,OXYHYDROXYDE SUCRO-FERRIQUE
V03AF03,CALCIUM FOLINATE
V03AF04,CALCIUM LEVOFOLINATE
V03AX,AUTRES MEDICAMENTS
V04CF01,TUBERCULINE
V04CM01,GONADORELINE
V04CX,AUTRES MEDICAMENTS POUR DIAGNOSTIC
V04CX05,UREE-13C
V08AA01,DIATRIZOIQUE ACIDE
V08AA05,IOXITALAMIQUE ACIDE
V08AB02,IOHEXOL
V08AB04,IOPAMIDOL
V08AB05,IOPROMIDE
V08AB07,IOVERSOL
V08AB09,IODIXANOL
V08AB10,IOMEPROL
V08AB11,IOBITRIDOL
V08BA02,SULFATE DE BARIUM SANS AGENTS DE MISE EN SUSPENSION
V08CA02,GADOTERIQUE ACIDE
V08CA04,GADOTERIDOL
V08CA08,GADOBENIQUE ACIDE
V08CA09,GADOBUTROL
V08DA05,SOUFRE HEXAFLUORURE
